Serial,Name,Image,Price
#178A49RHC,"Avantco A-49R-HC 54"" Solid Door Reach-In Refrigerator",https://assets.therestaurantstore.com/images/products/large/225737/2267473.jpg,"$2,089.00"
#178SS3RHC,"Avantco SS-3R-HC 81 5/16"" Stainless Steel Solid Door Reach-In Refrigerator",https://assets.therestaurantstore.com/images/products/large/228877/2266317.jpg,"$3,599.00"
#178A23RHC,"Avantco A-23R-HC 29"" Solid Door Reach-In Refrigerator",,"$1,419.00"
#178SS2RHC,"Avantco SS-2R-HC 54"" Stainless Steel Solid Door Reach-In Refrigerator",,"$2,379.00"
#178A19RHC,"Avantco A-19R-HC 29"" Solid Door Reach-In Refrigerator",,"$1,229.00"
#178SS1RHC,"Avantco SS-1R-HC 29"" Stainless Steel Solid Door Reach-In Refrigerator",,"$1,599.00"
#829BMR49R,"Main Street Equipment BMR-49-R 54"" Solid Door Reach-In Refrigerator",,"$1,599.00"
#829BMR23R,"Main Street Equipment BMR-23-R 29"" Solid Door Reach-In Refrigerator",,$999.00
#178SS2RGHC,"Avantco SS-2R-G-HC 54"" Stainless Steel Glass Door Reach-In Refrigerator",,"$2,719.00"
#178SS1RGHC,"Avantco SS-1R-G-HC 29"" Stainless Steel Glass Door Reach-In Refrigerator",,"$1,739.00"
#178SS1R2HC,"Avantco SS-1R-2-HC 29"" Stainless Steel Solid Half Door Reach-In Refrigerator",,"$2,199.00"
#178SS2R4HC,"Avantco SS-2R-4-HC 54"" Stainless Steel Solid Half Door Reach-In Refrigerator",,"$3,199.00"
#178A49RGHC,"Avantco A-49R-G-HC 54"" Glass Door Reach-In Refrigerator",,"$2,389.00"
#178A35RHC,"Avantco A-35R-HC 39 1/2"" Solid Door Reach-In Refrigerator",,"$1,999.00"
#178A12RHC,"Avantco A-12R-HC 25"" Solid Door Reach-In Refrigerator",,"$1,139.00"
#178A23RGHC,"Avantco A-23R-G-HC 29"" Glass Door Reach-In Refrigerator",,"$1,539.00"
#178A49RHC,"Avantco A-49R-HC 54"" Solid Door Reach-In Refrigerator",https://assets.therestaurantstore.com/images/products/large/225737/2267473.jpg,"$2,089.00"
#178SS3RHC,"Avantco SS-3R-HC 81 5/16"" Stainless Steel Solid Door Reach-In Refrigerator",https://assets.therestaurantstore.com/images/products/large/228877/2266317.jpg,"$3,599.00"
#178A23RHC,"Avantco A-23R-HC 29"" Solid Door Reach-In Refrigerator",,"$1,419.00"
#178SS2RHC,"Avantco SS-2R-HC 54"" Stainless Steel Solid Door Reach-In Refrigerator",,"$2,379.00"
#178A19RHC,"Avantco A-19R-HC 29"" Solid Door Reach-In Refrigerator",,"$1,229.00"
#178SS1RHC,"Avantco SS-1R-HC 29"" Stainless Steel Solid Door Reach-In Refrigerator",,"$1,599.00"
#829BMR49R,"Main Street Equipment BMR-49-R 54"" Solid Door Reach-In Refrigerator",,"$1,599.00"
#829BMR23R,"Main Street Equipment BMR-23-R 29"" Solid Door Reach-In Refrigerator",,$999.00
#178SS2RGHC,"Avantco SS-2R-G-HC 54"" Stainless Steel Glass Door Reach-In Refrigerator",,"$2,719.00"
#178SS1RGHC,"Avantco SS-1R-G-HC 29"" Stainless Steel Glass Door Reach-In Refrigerator",,"$1,739.00"
#178SS1R2HC,"Avantco SS-1R-2-HC 29"" Stainless Steel Solid Half Door Reach-In Refrigerator",,"$2,199.00"
#178SS2R4HC,"Avantco SS-2R-4-HC 54"" Stainless Steel Solid Half Door Reach-In Refrigerator",,"$3,199.00"
#178A49RGHC,"Avantco A-49R-G-HC 54"" Glass Door Reach-In Refrigerator",,"$2,389.00"
#178A35RHC,"Avantco A-35R-HC 39 1/2"" Solid Door Reach-In Refrigerator",,"$1,999.00"
#178A12RHC,"Avantco A-12R-HC 25"" Solid Door Reach-In Refrigerator",,"$1,139.00"
#178A23RGHC,"Avantco A-23R-G-HC 29"" Glass Door Reach-In Refrigerator",,"$1,539.00"
